{"cameraMode":{"drawMode":0,"name":"Shaded","section":"Shading Mode"},"sceneLighting":false,"audioPlay":false,"sceneViewState":{"showFog":true,"showMaterialUpdate":false,"showSkybox":false,"showFlares":true,"showImageEffects":true,"showParticleSystems":true},"in2DMode":false,"pivot":{"x":-0.2950000762939453,"y":1.6924998760223389,"z":0.8999999165534973},"rotation":{"x":-0.0011877432698383928,"y":-0.008372380398213864,"z":0.00021346578432712704,"w":0.9999916553497315},"size":2.358604669570923,"orthographic":true}