{"cameraMode":{"drawMode":0,"name":"Shaded","section":"Shading Mode"},"sceneLighting":true,"audioPlay":false,"sceneViewState":{"showFog":true,"showMaterialUpdate":false,"showSkybox":true,"showFlares":true,"showImageEffects":true,"showParticleSystems":true},"in2DMode":false,"pivot":{"x":-2.7336862087249758,"y":5.893613815307617,"z":-0.0036907196044921877},"rotation":{"x":0.04679641127586365,"y":-0.0053570824675261978,"z":0.00047100885421968997,"w":0.9989191293716431},"size":19.75827980041504,"orthographic":true}